gender;race/ethnicity;parental level of education;lunch;test preparation course;math score;reading score;writing score;absences;overall_Score;performance_category;teacher_support_level
female;group B;bachelor's degree;standard;none;72;72;74;3;72,7;Medium;3
female;group C;some college;standard;completed;69;90;88;2;82,3;High;4
female;group B;master's degree;standard;none;90;95;93;3;92,7;High;5
male;group A;associate's degree;free/reduced;none;47;57;44;15;49,3;Low;1
male;group C;some college;standard;none;76;78;75;13;76,3;Medium;3
female;group B;associate's degree;standard;none;71;83;78;12;77,3;Medium;3
female;group B;master's degree;standard;completed;88;95;92;2;91,7;High;5
male;group B;some college;free/reduced;none;40;43;39;14;40,7;Low;1
male;group D;high school;free/reduced;completed;64;64;67;2;65;Medium;3
female;group B;high school;free/reduced;none;38;60;50;14;49,3;Low;1
male;group C;associate's degree;standard;none;58;54;52;14;54,7;Low;1
male;group D;associate's degree;standard;none;40;52;43;14;45;Low;1
female;group B;high school;standard;none;65;81;73;14;73;Medium;3
male;group A;some college;standard;completed;78;72;70;2;73,3;Medium;3
female;group A;master's degree;standard;none;50;53;58;3;53,7;Low;1
female;group C;some high school;standard;none;69;75;78;14;74;Medium;3
male;group C;master's degree;standard;none;88;89;86;14;87,7;High;4
female;group B;some high school;free/reduced;none;18;32;28;14;26;Low;1
male;group C;master's degree;free/reduced;completed;46;42;46;2;44,7;Low;1
female;group C;associate's degree;free/reduced;none;54;58;61;14;57,7;Low;1
male;group D;high school;standard;none;66;69;63;14;66;Medium;3
female;group B;some college;free/reduced;completed;65;75;70;2;70;Medium;3
male;group D;some college;standard;none;44;54;53;14;50,3;Low;1
female;group C;some high school;standard;none;69;73;73;15;71,7;Medium;3
male;group D;bachelor's degree;free/reduced;completed;74;71;80;2;75;Medium;3
male;group A;master's degree;free/reduced;none;73;74;72;3;73;Medium;3
male;group B;some college;standard;none;69;54;55;15;59,3;Low;1
female;group C;bachelor's degree;standard;none;67;69;75;3;70,3;Medium;3
male;group C;high school;standard;none;70;70;65;15;68,3;Medium;3
female;group D;master's degree;standard;none;62;70;75;3;69;Medium;3
female;group D;some college;standard;none;69;74;74;15;72,3;Medium;3
female;group B;some college;standard;none;63;65;61;15;63;Medium;3
female;group E;master's degree;free/reduced;none;56;72;65;3;64,3;Medium;3
male;group D;some college;standard;none;40;42;38;15;40;Low;1
male;group E;master's degree;standard;none;97;87;82;15;88,7;High;4
male;group E;associate's degree;standard;completed;81;81;79;2;80,3;High;4
female;group D;associate's degree;standard;none;74;81;83;15;79,3;Medium;3
female;group D;some high school;free/reduced;none;50;64;59;15;57,7;Low;1
female;group D;associate's degree;free/reduced;completed;75;90;88;2;84,3;High;4
male;group B;associate's degree;free/reduced;none;57;56;57;11;56,7;Low;1
male;group C;associate's degree;free/reduced;none;55;61;54;11;56,7;Low;1
female;group C;associate's degree;standard;none;58;73;68;11;66,3;Medium;3
female;group B;associate's degree;standard;none;53;58;65;11;58,7;Low;1
male;group B;some college;free/reduced;completed;59;65;66;2;63,3;Medium;3
female;group E;associate's degree;free/reduced;none;50;56;54;11;53,3;Low;1
male;group B;associate's degree;standard;none;65;54;57;11;58,7;Low;1
female;group A;associate's degree;standard;completed;55;65;62;2;60,7;Medium;3
female;group C;high school;standard;none;66;71;76;11;71;Medium;3
female;group D;associate's degree;free/reduced;completed;57;74;76;2;69;Medium;3
male;group C;high school;standard;completed;82;84;82;2;82,7;High;4
male;group E;some college;standard;none;53;55;48;11;52;Low;1
male;group E;associate's degree;free/reduced;completed;77;69;68;2;71,3;Medium;3
male;group C;some college;standard;none;53;44;42;11;46,3;Low;1
male;group D;master's degree;standard;none;88;78;75;11;80,3;High;4
female;group C;some high school;free/reduced;completed;71;84;87;1;80,7;High;4
female;group C;high school;free/reduced;none;33;41;43;11;39;Low;1
female;group E;associate's degree;standard;completed;82;85;86;1;84,3;High;4
male;group D;associate's degree;standard;none;52;55;49;11;52;Low;1
male;group D;some college;standard;completed;58;59;58;1;58,3;Low;1
female;group C;some high school;free/reduced;none;0;17;10;11;9;Low;1
male;group E;bachelor's degree;free/reduced;completed;79;74;72;1;75;Medium;3
male;group A;some high school;free/reduced;none;39;39;34;11;37,3;Low;1
male;group A;associate's degree;free/reduced;none;62;61;55;11;59,3;Low;1
female;group C;associate's degree;standard;none;69;80;71;11;73,3;Medium;3
female;group D;some high school;standard;none;59;58;59;11;58,7;Low;1
male;group B;some high school;standard;none;67;64;61;11;64;Medium;3
male;group D;some high school;free/reduced;none;45;37;37;11;39,7;Low;1
female;group C;some college;standard;none;60;72;74;11;68,7;Medium;3
male;group B;associate's degree;free/reduced;none;61;58;56;11;58,3;Low;1
female;group C;associate's degree;standard;none;39;64;57;11;53,3;Low;1
female;group D;some college;free/reduced;completed;58;63;73;1;64,7;Medium;3
male;group D;some college;standard;completed;63;55;63;1;60,3;Medium;3
female;group A;associate's degree;free/reduced;none;41;51;48;11;46,7;Low;1
male;group C;some high school;free/reduced;none;61;57;56;11;58;Low;1
male;group C;some high school;standard;none;49;49;41;11;46,3;Low;1
male;group B;associate's degree;free/reduced;none;44;41;38;11;41;Low;1
male;group E;some high school;standard;none;30;26;22;11;26;Low;1
male;group A;bachelor's degree;standard;completed;80;78;81;1;79,7;Medium;3
female;group D;some high school;standard;completed;61;74;72;1;69;Medium;3
female;group E;master's degree;standard;none;62;68;68;3;66;Medium;3
female;group B;associate's degree;standard;none;47;49;50;11;48,7;Low;1
male;group B;high school;free/reduced;none;49;45;45;11;46,3;Low;1
male;group A;some college;free/reduced;completed;50;47;54;1;50,3;Low;1
male;group E;associate's degree;standard;none;72;64;63;11;66,3;Medium;3
male;group D;high school;free/reduced;none;42;39;34;11;38,3;Low;1
female;group C;some college;standard;none;73;80;82;11;78,3;Medium;3
female;group C;some college;free/reduced;none;76;83;88;11;82,3;High;4
female;group D;associate's degree;standard;none;71;71;74;11;72;Medium;3
female;group A;some college;standard;none;58;70;67;11;65;Medium;3
female;group D;some high school;standard;none;73;86;82;11;80,3;High;4
female;group C;bachelor's degree;standard;none;65;72;74;3;70,3;Medium;3
male;group C;high school;free/reduced;none;27;34;36;11;32,3;Low;1
male;group C;high school;standard;none;71;79;71;11;73,7;Medium;3
male;group C;associate's degree;free/reduced;completed;43;45;50;1;46;Low;1
female;group B;some college;standard;none;79;86;92;11;85,7;High;4
male;group C;associate's degree;free/reduced;completed;78;81;82;1;80,3;High;4
male;group B;some high school;standard;completed;65;66;62;1;64,3;Medium;3
female;group E;some college;standard;completed;63;72;70;1;68,3;Medium;3
female;group D;some college;free/reduced;none;58;67;62;11;62,3;Medium;3
female;group D;bachelor's degree;standard;none;65;67;62;3;64,7;Medium;3
male;group B;some college;standard;none;79;67;67;11;71;Medium;3
male;group D;bachelor's degree;standard;completed;68;74;74;1;72;Medium;3
female;group D;associate's degree;standard;none;85;91;89;11;88,3;High;4
male;group B;high school;standard;completed;60;44;47;1;50,3;Low;1
male;group C;master's degree;standard;completed;98;86;90;1;91,3;High;5
female;group C;some college;standard;none;58;67;72;11;65,7;Medium;3
female;group D;master's degree;standard;none;87;100;100;3;95,7;High;5
male;group E;associate's degree;standard;completed;66;63;64;1;64,3;Medium;3
female;group B;associate's degree;free/reduced;none;52;76;70;11;66;Medium;3
female;group B;some high school;standard;none;70;64;72;11;68,7;Medium;3
female;group D;associate's degree;free/reduced;completed;77;89;98;1;88;High;4
male;group C;high school;standard;none;62;55;49;11;55,3;Low;1
male;group A;associate's degree;standard;none;54;53;47;11;51,3;Low;1
female;group D;some college;standard;none;51;58;54;11;54,3;Low;1
female;group E;bachelor's degree;standard;completed;99;100;100;1;99,7;High;5
male;group C;high school;standard;none;84;77;74;11;78,3;Medium;3
female;group B;bachelor's degree;free/reduced;none;75;85;82;3;80,7;High;4
female;group D;bachelor's degree;standard;none;78;82;79;3;79,7;Medium;3
female;group D;some high school;standard;none;51;63;61;11;58,3;Low;1
female;group C;some college;standard;none;55;69;65;12;63;Medium;3
female;group C;bachelor's degree;standard;completed;79;92;89;1;86,7;High;4
male;group B;associate's degree;standard;completed;91;89;92;1;90,7;High;5
female;group C;master's degree;standard;completed;88;93;93;1;91,3;High;5
male;group D;high school;free/reduced;none;63;57;56;12;58,7;Low;1
male;group E;some college;standard;none;83;80;73;12;78,7;Medium;3
female;group B;master's degree;standard;none;87;95;86;12;89,3;High;5
male;group B;some high school;standard;none;72;68;67;12;69;Medium;3
male;group D;some college;standard;completed;65;77;74;1;72;Medium;3
male;group D;master's degree;standard;none;82;82;74;3;79,3;Medium;3
female;group A;bachelor's degree;standard;none;51;49;51;3;50,3;Low;1
male;group D;master's degree;standard;none;89;84;82;3;85;High;4
male;group C;some high school;free/reduced;completed;53;37;40;1;43,3;Low;1
male;group E;master's degree;free/reduced;completed;87;74;70;1;77;Medium;3
female;group C;some college;standard;completed;75;81;84;1;80;High;4
male;group D;bachelor's degree;free/reduced;completed;74;79;75;1;76;Medium;3
male;group C;bachelor's degree;standard;none;58;55;48;3;53,7;Low;1
male;group B;some high school;standard;completed;51;54;41;1;48,7;Low;1
male;group E;high school;standard;none;70;55;56;12;60,3;Medium;3
female;group C;associate's degree;standard;none;59;66;67;12;64;Medium;3
male;group D;some college;standard;completed;71;61;69;1;67;Medium;3
female;group D;some high school;standard;none;76;72;71;12;73;Medium;3
female;group C;some college;free/reduced;none;59;62;64;12;61,7;Medium;3
female;group E;some college;free/reduced;completed;42;55;54;1;50,3;Low;1
male;group A;high school;standard;none;57;43;47;12;49;Low;1
male;group D;master's degree;standard;none;88;73;78;12;79,7;Medium;3
female;group C;some college;free/reduced;none;22;39;33;12;31,3;Low;1
male;group B;master's degree;standard;none;88;84;75;12;82,3;High;4
male;group C;associate's degree;free/reduced;none;73;68;66;12;69;Medium;3
female;group D;bachelor's degree;standard;completed;68;75;81;1;74,7;Medium;3
male;group E;associate's degree;free/reduced;completed;100;100;93;1;97,7;High;5
male;group A;some high school;standard;completed;62;67;69;1;66;Medium;3
male;group A;bachelor's degree;standard;none;77;67;68;3;70,7;Medium;3
female;group B;associate's degree;standard;completed;59;70;66;1;65;Medium;3
male;group D;bachelor's degree;standard;none;54;49;47;3;50;Low;1
male;group D;some high school;standard;none;62;67;61;12;63,3;Medium;3
female;group C;some college;standard;completed;70;89;88;1;82,3;High;4
female;group E;high school;free/reduced;completed;66;74;78;1;72,7;Medium;3
male;group B;some college;free/reduced;none;60;60;60;12;60;Medium;3
female;group B;associate's degree;standard;completed;61;86;87;1;78;Medium;3
male;group D;associate's degree;free/reduced;none;66;62;64;12;64;Medium;3
male;group B;associate's degree;free/reduced;completed;82;78;74;1;78;Medium;3
female;group E;some college;free/reduced;completed;75;88;85;1;82,7;High;4
male;group B;master's degree;free/reduced;none;49;53;52;3;51,3;Low;1
male;group C;high school;standard;none;52;53;49;12;51,3;Low;1
female;group E;master's degree;standard;none;81;92;91;3;88;High;4
female;group C;bachelor's degree;standard;completed;96;100;100;1;98,7;High;5
male;group C;high school;free/reduced;completed;53;51;51;1;51,7;Low;1
female;group B;master's degree;free/reduced;completed;58;76;78;1;70,7;Medium;3
female;group B;high school;standard;completed;68;83;78;3;76,3;Medium;3
female;group C;some college;free/reduced;completed;67;75;70;3;70,7;Medium;3
male;group A;high school;standard;completed;72;73;74;3;73;Medium;3
male;group E;master's degree;standard;none;94;88;78;12;86,7;High;4
female;group D;some college;standard;none;79;86;81;12;82;High;4
female;group C;associate's degree;standard;none;63;67;70;12;66,7;Medium;3
female;group C;bachelor's degree;free/reduced;completed;43;51;54;3;49,3;Low;1
female;group C;master's degree;standard;completed;81;91;87;3;86,3;High;4
female;group B;high school;free/reduced;completed;46;54;58;3;52,7;Low;1
female;group C;associate's degree;standard;completed;71;77;77;3;75;Medium;3
female;group B;master's degree;free/reduced;completed;52;70;62;3;61,3;Medium;3
female;group D;bachelor's degree;standard;completed;97;100;100;3;99;High;5
male;group C;master's degree;free/reduced;completed;62;68;75;3;68,3;Medium;3
female;group C;some college;free/reduced;none;46;64;66;12;58,7;Low;1
female;group E;high school;standard;none;50;50;47;12;49;Low;1
female;group D;associate's degree;standard;none;65;69;70;12;68;Medium;3
male;group C;some high school;free/reduced;completed;45;52;49;3;48,7;Low;1
male;group C;associate's degree;free/reduced;completed;65;67;65;3;65,7;Medium;3
male;group E;high school;standard;none;80;76;65;12;73,7;Medium;3
male;group D;some high school;standard;completed;62;66;68;3;65,3;Medium;3
male;group B;some high school;free/reduced;none;48;52;45;12;48,3;Low;1
female;group C;bachelor's degree;standard;none;77;88;87;3;84;High;4
female;group E;associate's degree;standard;none;66;65;69;12;66,7;Medium;3
male;group D;some college;standard;completed;76;83;79;3;79,3;Medium;3
female;group B;some high school;standard;none;62;64;66;12;64;Medium;3
male;group D;some college;standard;completed;77;62;62;3;67;Medium;3
female;group C;master's degree;standard;completed;69;84;85;3;79,3;Medium;3
male;group D;associate's degree;standard;none;61;55;52;12;56;Low;1
male;group C;some high school;free/reduced;completed;59;69;65;3;64,3;Medium;3
male;group E;high school;free/reduced;none;55;56;51;12;54;Low;1
female;group B;some college;free/reduced;none;45;53;55;12;51;Low;1
female;group B;bachelor's degree;free/reduced;none;78;79;76;3;77,7;Medium;3
female;group C;associate's degree;standard;completed;67;84;86;3;79;Medium;3
female;group D;some college;free/reduced;none;65;81;77;12;74,3;Medium;3
male;group C;associate's degree;standard;none;69;77;69;12;71,7;Medium;3
female;group B;associate's degree;standard;none;57;69;68;12;64,7;Medium;3
male;group C;some college;standard;none;59;41;42;12;47,3;Low;1
male;group D;some high school;standard;completed;74;71;78;3;74,3;Medium;3
male;group E;bachelor's degree;standard;none;82;62;62;3;68,7;Medium;3
male;group E;high school;standard;completed;81;80;76;3;79;Medium;3
female;group B;some college;free/reduced;none;74;81;76;12;77;Medium;3
female;group B;some college;free/reduced;none;58;61;66;12;61,7;Medium;3
male;group D;some high school;free/reduced;completed;80;79;79;3;79,3;Medium;3
male;group C;some college;free/reduced;none;35;28;27;12;30;Low;1
female;group C;high school;free/reduced;none;42;62;60;12;54,7;Low;1
male;group C;associate's degree;free/reduced;completed;60;51;56;3;55,7;Low;1
male;group E;bachelor's degree;standard;completed;87;91;81;3;86,3;High;4
male;group B;some high school;standard;completed;84;83;75;3;80,7;High;4
female;group E;associate's degree;free/reduced;completed;83;86;88;3;85,7;High;4
female;group C;high school;free/reduced;none;34;42;39;12;38,3;Low;1
male;group B;high school;free/reduced;none;66;77;70;12;71;Medium;3
male;group B;some high school;standard;completed;61;56;56;3;57,7;Low;1
female;group D;high school;standard;completed;56;68;74;3;66;Medium;3
male;group B;associate's degree;standard;none;87;85;73;12;81,7;High;4
female;group C;some high school;free/reduced;none;55;65;62;12;60,7;Medium;3
male;group D;bachelor's degree;standard;none;86;80;75;12;80,3;High;4
female;group B;associate's degree;standard;completed;52;66;73;3;63,7;Medium;3
female;group E;master's degree;free/reduced;none;45;56;54;3;51,7;Low;1
female;group C;some college;standard;none;72;72;71;12;71,7;Medium;3
male;group D;high school;standard;none;57;50;54;12;53,7;Low;1
male;group A;some high school;free/reduced;none;68;72;64;12;68;Medium;3
female;group C;bachelor's degree;standard;completed;88;95;94;3;92,3;High;5
male;group D;some college;standard;none;76;64;66;12;68,7;Medium;3
male;group C;associate's degree;standard;none;46;43;42;12;43,7;Low;1
female;group B;bachelor's degree;standard;none;67;86;83;3;78,7;Medium;3
male;group E;bachelor's degree;standard;none;92;87;78;12;85,7;High;4
male;group C;bachelor's degree;standard;completed;83;82;84;3;83;High;4
male;group D;associate's degree;standard;none;80;75;77;12;77,3;Medium;3
male;group D;bachelor's degree;free/reduced;none;63;66;67;3;65,3;Medium;3
female;group D;some high school;standard;completed;64;60;74;3;66;Medium;3
male;group B;some college;standard;none;54;52;51;12;52,3;Low;1
male;group C;associate's degree;standard;none;84;80;80;12;81,3;High;4
male;group D;high school;free/reduced;completed;73;68;66;3;69;Medium;3
female;group E;bachelor's degree;standard;none;80;83;83;3;82;High;4
female;group D;high school;standard;none;56;52;55;12;54,3;Low;1
male;group E;some college;standard;none;59;51;43;12;51;Low;1
male;group D;some high school;standard;none;75;74;69;12;72,7;Medium;3
male;group C;associate's degree;standard;none;85;76;71;12;77,3;Medium;3
male;group E;associate's degree;standard;none;89;76;74;12;79,7;Medium;3
female;group B;high school;standard;completed;58;70;68;3;65,3;Medium;3
female;group B;high school;standard;none;65;64;62;12;63,7;Medium;3
male;group C;high school;standard;none;68;60;53;12;60,3;Medium;3
male;group A;some high school;standard;completed;47;49;49;3;48,3;Low;1
female;group D;some college;free/reduced;none;71;83;83;12;79;Medium;3
female;group B;some high school;standard;completed;60;70;70;3;66,7;Medium;3
male;group D;master's degree;standard;none;80;80;72;3;77,3;Medium;3
male;group D;high school;standard;none;54;52;52;12;52,7;Low;1
female;group E;some college;standard;none;62;73;70;12;68,3;Medium;3
female;group C;associate's degree;free/reduced;none;64;73;68;12;68,3;Medium;3
male;group C;associate's degree;standard;completed;78;77;77;3;77,3;Medium;3
female;group B;some college;standard;none;70;75;78;12;74,3;Medium;3
female;group C;master's degree;free/reduced;completed;65;81;81;3;75,7;Medium;3
female;group C;some high school;free/reduced;completed;64;79;77;3;73,3;Medium;3
male;group C;some college;standard;completed;79;79;78;3;78,7;Medium;3
female;group C;some high school;free/reduced;none;44;50;51;12;48,3;Low;1
female;group E;bachelor's degree;standard;none;99;93;90;12;94;High;5
male;group D;high school;standard;none;76;73;68;12;72,3;Medium;3
male;group D;some high school;free/reduced;none;59;42;41;12;47,3;Low;1
female;group C;bachelor's degree;standard;none;63;75;81;3;73;Medium;3
female;group D;high school;standard;none;69;72;77;12;72,7;Medium;3
female;group D;associate's degree;standard;completed;88;92;95;3;91,7;High;5
female;group E;some college;free/reduced;none;71;76;70;12;72,3;Medium;3
male;group C;bachelor's degree;standard;none;69;63;61;3;64,3;Medium;3
male;group C;some college;standard;none;58;49;42;12;49,7;Low;1
female;group D;associate's degree;free/reduced;none;47;53;58;12;52,7;Low;1
female;group D;some college;standard;none;65;70;71;12;68,7;Medium;3
male;group B;bachelor's degree;standard;completed;88;85;76;3;83;High;4
male;group C;bachelor's degree;standard;none;83;78;73;3;78;Medium;3
female;group C;bachelor's degree;standard;completed;85;92;93;3;90;High;5
female;group E;high school;standard;completed;59;63;75;3;65,7;Medium;3
female;group C;some high school;free/reduced;none;65;86;80;12;77;Medium;3
male;group B;bachelor's degree;free/reduced;none;73;56;57;3;62;Medium;3
male;group D;high school;standard;none;53;52;42;13;49;Low;1
male;group D;high school;standard;none;45;48;46;13;46,3;Low;1
female;group D;bachelor's degree;free/reduced;none;73;79;84;3;78,7;Medium;3
female;group D;some college;free/reduced;completed;70;78;78;3;75,3;Medium;3
female;group B;some high school;standard;none;37;46;46;13;43;Low;1
male;group B;associate's degree;standard;completed;81;82;82;3;81,7;High;4
male;group E;associate's degree;standard;completed;97;82;88;3;89;High;5
female;group B;some high school;standard;none;67;89;82;13;79,3;Medium;3
male;group B;bachelor's degree;free/reduced;none;88;75;76;3;79,7;Medium;3
male;group E;some high school;standard;completed;77;76;77;3;76,7;Medium;3
male;group C;associate's degree;standard;none;76;70;68;13;71,3;Medium;3
male;group D;bachelor's degree;standard;none;86;73;70;13;76,3;Medium;3
male;group C;some high school;standard;completed;63;60;57;3;60;Medium;3
female;group E;bachelor's degree;standard;none;65;73;75;3;71;Medium;3
male;group D;high school;free/reduced;completed;78;77;80;3;78,3;Medium;3
male;group B;associate's degree;free/reduced;none;67;62;60;13;63;Medium;3
male;group A;some high school;standard;completed;46;41;43;3;43,3;Low;1
male;group E;associate's degree;standard;completed;71;74;68;3;71;Medium;3
male;group C;high school;free/reduced;completed;40;46;50;3;45,3;Low;1
male;group D;associate's degree;free/reduced;none;90;87;75;13;84;High;4
male;group A;some college;free/reduced;completed;81;78;81;3;80;High;4
male;group D;some high school;free/reduced;none;56;54;52;13;54;Low;1
female;group C;associate's degree;standard;completed;67;84;81;3;77,3;Medium;3
male;group B;associate's degree;standard;none;80;76;64;13;73,3;Medium;3
female;group C;associate's degree;standard;completed;74;75;83;3;77,3;Medium;3
male;group A;some college;standard;none;69;67;69;13;68,3;Medium;3
male;group E;bachelor's degree;standard;completed;99;87;81;3;89;High;5
male;group C;some high school;standard;none;51;52;44;13;49;Low;1
female;group B;associate's degree;free/reduced;none;53;71;67;13;63,7;Medium;3
female;group D;high school;free/reduced;none;49;57;52;13;52,7;Low;1
female;group B;associate's degree;standard;none;73;76;80;13;76,3;Medium;3
male;group B;bachelor's degree;standard;none;66;60;57;3;61;Medium;3
male;group D;bachelor's degree;standard;completed;67;61;68;3;65,3;Medium;3
female;group C;associate's degree;free/reduced;completed;68;67;69;3;68;Medium;3
female;group C;bachelor's degree;standard;completed;59;64;75;3;66;Medium;3
male;group C;high school;standard;none;71;66;65;13;67,3;Medium;3
female;group D;master's degree;standard;completed;77;82;91;3;83,3;High;4
male;group C;associate's degree;standard;none;83;72;78;13;77,7;Medium;3
male;group B;bachelor's degree;standard;none;63;71;69;3;67,7;Medium;3
female;group D;associate's degree;free/reduced;none;56;65;63;13;61,3;Medium;3
female;group C;high school;free/reduced;completed;67;79;84;3;76,7;Medium;3
female;group E;high school;standard;none;75;86;79;13;80;High;4
female;group C;some college;standard;none;71;81;80;13;77,3;Medium;3
female;group C;some high school;free/reduced;none;43;53;53;13;49,7;Low;1
female;group C;high school;free/reduced;none;41;46;43;13;43,3;Low;1
female;group C;some college;standard;none;82;90;94;13;88,7;High;4
male;group C;some college;standard;none;61;61;62;13;61,3;Medium;3
male;group A;some college;free/reduced;none;28;23;19;13;23,3;Low;1
male;group C;associate's degree;standard;completed;82;75;77;3;78;Medium;3
female;group B;some high school;standard;none;41;55;51;13;49;Low;1
male;group C;high school;standard;none;71;60;61;13;64;Medium;3
male;group C;associate's degree;standard;none;47;37;35;13;39,7;Low;1
male;group E;associate's degree;standard;completed;62;56;53;3;57;Low;1
male;group B;associate's degree;standard;none;90;78;81;13;83;High;4
female;group C;bachelor's degree;standard;none;83;93;95;3;90,3;High;5
female;group B;some college;free/reduced;none;61;68;66;13;65;Medium;3
male;group D;some high school;standard;completed;76;70;69;3;71,7;Medium;3
male;group C;associate's degree;standard;none;49;51;43;13;47,7;Low;1
female;group B;some high school;free/reduced;none;24;38;27;13;29,7;Low;1
female;group D;some high school;free/reduced;completed;35;55;60;3;50;Low;1
male;group C;high school;free/reduced;none;58;61;52;13;57;Low;1
female;group C;high school;standard;none;61;73;63;13;65,7;Medium;3
female;group B;high school;standard;completed;69;76;74;3;73;Medium;3
male;group D;associate's degree;standard;completed;67;72;67;3;68,7;Medium;3
male;group D;some college;standard;none;79;73;67;13;73;Medium;3
female;group C;high school;standard;none;72;80;75;13;75,7;Medium;3
male;group B;some college;standard;none;62;61;57;13;60;Medium;3
female;group C;bachelor's degree;standard;completed;77;94;95;3;88,7;High;4
male;group D;high school;free/reduced;none;75;74;66;13;71,7;Medium;3
male;group E;associate's degree;standard;none;87;74;76;13;79;Medium;3
female;group B;bachelor's degree;standard;none;52;65;69;3;62;Medium;3
male;group E;some college;standard;none;66;57;52;13;58,3;Low;1
female;group C;some college;standard;completed;63;78;80;3;73,7;Medium;3
female;group C;associate's degree;standard;none;46;58;57;13;53,7;Low;1
female;group C;some college;standard;none;59;71;70;13;66,7;Medium;3
female;group B;bachelor's degree;standard;none;61;72;70;3;67,7;Medium;3
male;group A;associate's degree;standard;none;63;61;61;13;61,7;Medium;3
female;group C;some college;free/reduced;completed;42;66;69;3;59;Low;1
male;group D;some college;free/reduced;none;59;62;61;13;60,7;Medium;3
female;group D;some college;standard;none;80;90;89;13;86,3;High;4
female;group B;high school;standard;none;58;62;59;13;59,7;Low;1
male;group B;bachelor's degree;standard;completed;85;84;78;3;82,3;High;4
female;group C;some college;standard;none;52;58;58;13;56;Low;1
female;group D;some high school;free/reduced;none;27;34;32;13;31;Low;1
male;group C;some college;standard;none;59;60;58;13;59;Low;1
male;group A;bachelor's degree;free/reduced;completed;49;58;60;3;55,7;Low;1
male;group C;high school;standard;completed;69;58;53;3;60;Medium;3
male;group C;bachelor's degree;free/reduced;none;61;66;61;5;62,7;Medium;3
female;group A;some high school;free/reduced;none;44;64;58;13;55,3;Low;1
female;group D;some high school;standard;none;73;84;85;13;80,7;High;4
male;group E;some college;standard;none;84;77;71;13;77,3;Medium;3
female;group C;some college;free/reduced;completed;45;73;70;3;62,7;Medium;3
male;group D;some high school;standard;none;74;74;72;13;73,3;Medium;3
female;group D;some college;standard;completed;82;97;96;3;91,7;High;5
female;group D;bachelor's degree;standard;none;59;70;73;5;67,3;Medium;3
male;group E;associate's degree;free/reduced;none;46;43;41;13;43,3;Low;1
female;group D;some high school;standard;none;80;90;82;13;84;High;4
female;group D;master's degree;free/reduced;completed;85;95;100;3;93,3;High;5
female;group A;some high school;standard;none;71;83;77;13;77;Medium;3
male;group A;bachelor's degree;standard;none;66;64;62;5;64;Medium;3
female;group B;associate's degree;standard;none;80;86;83;13;83;High;4
male;group C;associate's degree;standard;completed;87;100;95;3;94;High;5
male;group C;master's degree;free/reduced;none;79;81;71;5;77;Medium;3
female;group E;some high school;free/reduced;none;38;49;45;13;44;Low;1
female;group A;some high school;free/reduced;none;38;43;43;13;41,3;Low;1
female;group E;some college;standard;none;67;76;75;13;72,7;Medium;3
female;group E;bachelor's degree;standard;none;64;73;70;5;69;Medium;3
female;group C;associate's degree;free/reduced;none;57;78;67;13;67,3;Medium;3
female;group D;high school;standard;none;62;64;64;13;63,3;Medium;3
male;group D;master's degree;standard;none;73;70;75;5;72,7;Medium;3
male;group E;some high school;free/reduced;completed;73;67;59;3;66,3;Medium;3
female;group D;some college;standard;none;77;68;77;13;74;Medium;3
male;group E;some college;standard;none;76;67;67;13;70;Medium;3
male;group C;associate's degree;standard;completed;57;54;56;3;55,7;Low;1
female;group C;some high school;standard;completed;65;74;77;3;72;Medium;3
male;group A;high school;free/reduced;none;48;45;41;13;44,7;Low;1
female;group B;high school;free/reduced;none;50;67;63;13;60;Medium;3
female;group C;associate's degree;standard;none;85;89;95;13;89,7;High;5
male;group B;some high school;standard;none;74;63;57;13;64,7;Medium;3
male;group D;some high school;standard;none;60;59;54;13;57,7;Low;1
female;group C;some high school;standard;completed;59;54;67;3;60;Medium;3
male;group A;some college;standard;none;53;43;43;13;46,3;Low;1
female;group A;some college;free/reduced;none;49;65;55;13;56,3;Low;1
female;group D;bachelor's degree;standard;completed;88;99;100;3;95,7;High;5
female;group C;high school;standard;none;54;59;62;13;58,3;Low;1
female;group C;some high school;standard;none;63;73;68;9;68;Medium;3
male;group B;associate's degree;standard;completed;65;65;63;3;64,3;Medium;3
female;group B;associate's degree;standard;none;82;80;77;9;79,7;Medium;3
female;group D;high school;free/reduced;completed;52;57;56;3;55;Low;1
male;group D;associate's degree;standard;completed;87;84;85;3;85,3;High;4
female;group D;master's degree;standard;completed;70;71;74;3;71,7;Medium;3
male;group E;some college;standard;completed;84;83;78;3;81,7;High;4
male;group D;associate's degree;standard;none;71;66;60;9;65,7;Medium;3
male;group B;some high school;standard;completed;63;67;67;3;65,7;Medium;3
female;group C;bachelor's degree;free/reduced;completed;51;72;79;3;67,3;Medium;3
male;group E;high school;standard;none;84;73;69;9;75,3;Medium;3
male;group C;bachelor's degree;standard;completed;71;74;68;3;71;Medium;3
male;group C;associate's degree;standard;none;74;73;67;9;71,3;Medium;3
male;group D;some college;standard;none;68;59;62;9;63;Medium;3
male;group E;high school;free/reduced;completed;57;56;54;3;55,7;Low;1
female;group C;associate's degree;free/reduced;completed;82;93;93;4;89,3;High;5
female;group D;high school;standard;completed;57;58;64;4;59,7;Low;1
female;group D;master's degree;free/reduced;completed;47;58;67;4;57,3;Low;1
female;group A;some high school;standard;completed;59;85;80;4;74,7;Medium;3
male;group B;some college;free/reduced;none;41;39;34;9;38;Low;1
female;group C;some college;free/reduced;none;62;67;62;9;63,7;Medium;3
male;group C;bachelor's degree;standard;none;86;83;86;5;85;High;4
male;group C;some high school;free/reduced;none;69;71;65;9;68,3;Medium;3
male;group A;some high school;free/reduced;none;65;59;53;9;59;Low;1
male;group C;some high school;free/reduced;none;68;63;54;9;61,7;Medium;3
male;group C;associate's degree;free/reduced;none;64;66;59;9;63;Medium;3
female;group C;high school;standard;none;61;72;70;9;67,7;Medium;3
male;group C;high school;standard;none;61;56;55;9;57,3;Low;1
female;group A;some high school;free/reduced;none;47;59;50;9;52;Low;1
male;group C;some high school;standard;none;73;66;66;9;68,3;Medium;3
male;group C;some college;free/reduced;completed;50;48;53;4;50,3;Low;1
male;group D;associate's degree;standard;none;75;68;64;9;69;Medium;3
male;group D;associate's degree;free/reduced;none;75;66;73;9;71,3;Medium;3
male;group C;high school;standard;none;70;56;51;9;59;Low;1
male;group D;bachelor's degree;standard;completed;89;88;82;4;86,3;High;4
female;group C;some college;standard;completed;67;81;79;4;75,7;Medium;3
female;group D;high school;standard;none;78;81;80;9;79,7;Medium;3
female;group A;some high school;free/reduced;none;59;73;69;9;67;Medium;3
female;group B;associate's degree;standard;none;73;83;76;9;77,3;Medium;3
male;group A;some high school;free/reduced;none;79;82;73;9;78;Medium;3
female;group C;some high school;standard;completed;67;74;77;4;72,7;Medium;3
male;group D;some college;free/reduced;none;69;66;60;9;65;Medium;3
male;group C;bachelor's degree;standard;completed;86;81;80;4;82,3;High;4
male;group B;high school;standard;none;47;46;42;9;45;Low;1
male;group B;associate's degree;standard;none;81;73;72;9;75,3;Medium;3
female;group C;some college;free/reduced;completed;64;85;85;4;78;Medium;3
female;group E;bachelor's degree;standard;none;100;92;97;9;96,3;High;5
female;group C;associate's degree;free/reduced;none;65;77;74;9;72;Medium;3
male;group C;some college;free/reduced;none;65;58;49;9;57,3;Low;1
female;group C;associate's degree;free/reduced;none;53;61;62;9;58,7;Low;1
male;group C;bachelor's degree;free/reduced;none;37;56;47;5;46,7;Low;1
female;group D;bachelor's degree;standard;none;79;89;89;5;85,7;High;4
male;group D;associate's degree;free/reduced;none;53;54;48;9;51,7;Low;1
female;group E;bachelor's degree;standard;none;100;100;100;5;100;High;4
male;group B;high school;standard;completed;72;65;68;4;68,3;Medium;3
male;group C;bachelor's degree;free/reduced;none;53;58;55;5;55,3;Low;1
male;group B;some college;free/reduced;none;54;54;45;9;51;Low;1
female;group E;some college;standard;none;71;70;76;9;72,3;Medium;3
female;group C;some college;free/reduced;none;77;90;91;9;86;High;4
male;group A;bachelor's degree;standard;completed;75;58;62;4;65;Medium;3
female;group C;some college;standard;none;84;87;91;9;87,3;High;4
female;group D;associate's degree;free/reduced;none;26;31;38;9;31,7;Low;1
male;group A;high school;free/reduced;completed;72;67;65;4;68;Medium;3
female;group A;high school;free/reduced;completed;77;88;85;4;83,3;High;4
male;group C;bachelor's degree;standard;none;91;74;76;9;80,3;High;4
female;group C;associate's degree;standard;completed;83;85;90;4;86;High;4
female;group C;high school;standard;none;63;69;74;9;68,7;Medium;3
female;group C;associate's degree;standard;completed;68;86;84;4;79,3;Medium;3
female;group D;some high school;standard;none;59;67;61;9;62,3;Medium;3
female;group B;associate's degree;standard;completed;90;90;91;4;90,3;High;5
female;group D;bachelor's degree;standard;completed;71;76;83;4;76,7;Medium;3
male;group E;bachelor's degree;standard;completed;76;62;66;4;68;Medium;3
male;group D;associate's degree;standard;none;80;68;72;9;73,3;Medium;3
female;group D;master's degree;standard;none;55;64;70;5;63;Medium;3
male;group E;associate's degree;standard;none;76;71;67;9;71,3;Medium;3
male;group B;high school;standard;completed;73;71;68;4;70,7;Medium;3
female;group D;associate's degree;free/reduced;none;52;59;56;9;55,7;Low;1
male;group C;some college;free/reduced;none;68;68;61;9;65,7;Medium;3
male;group A;high school;standard;none;59;52;46;9;52,3;Low;1
female;group B;associate's degree;standard;none;49;52;54;9;51,7;Low;1
male;group C;high school;standard;none;70;74;71;9;71,7;Medium;3
male;group D;some college;free/reduced;none;61;47;56;9;54,7;Low;1
female;group C;associate's degree;free/reduced;none;60;75;74;9;69,7;Medium;3
male;group B;some high school;standard;completed;64;53;57;4;58;Low;1
male;group A;associate's degree;free/reduced;completed;79;82;82;4;81;High;4
female;group A;associate's degree;free/reduced;none;65;85;76;9;75,3;Medium;3
female;group C;associate's degree;standard;none;64;64;70;9;66;Medium;3
female;group C;some college;standard;none;83;83;90;9;85,3;High;4
female;group C;bachelor's degree;standard;none;81;88;90;5;86,3;High;4
female;group B;high school;standard;none;54;64;68;9;62;Medium;3
male;group D;high school;standard;completed;68;64;66;4;66;Medium;3
female;group C;some college;standard;none;54;48;52;9;51,3;Low;1
female;group D;some college;free/reduced;completed;59;78;76;4;71;Medium;3
female;group B;some high school;standard;none;66;69;68;9;67,7;Medium;3
male;group E;some college;standard;none;76;71;72;9;73;Medium;3
female;group D;master's degree;standard;none;74;79;82;5;78,3;Medium;3
female;group B;associate's degree;standard;completed;94;87;92;4;91;High;5
male;group C;some college;free/reduced;none;63;61;54;9;59,3;Low;1
female;group E;associate's degree;standard;completed;95;89;92;4;92;High;5
female;group D;master's degree;free/reduced;none;40;59;54;5;51;Low;1
female;group B;some high school;standard;none;82;82;80;9;81,3;High;4
male;group A;high school;standard;none;68;70;66;9;68;Medium;3
male;group B;bachelor's degree;free/reduced;none;55;59;54;5;56;Low;1
male;group C;master's degree;standard;none;79;78;77;5;78;Medium;3
female;group C;bachelor's degree;standard;none;86;92;87;5;88,3;High;4
male;group D;some college;standard;none;76;71;73;9;73,3;Medium;3
male;group A;some high school;standard;none;64;50;43;9;52,3;Low;1
male;group D;some high school;free/reduced;none;62;49;52;9;54,3;Low;1
female;group B;some high school;standard;completed;54;61;62;4;59;Low;1
female;group B;master's degree;free/reduced;completed;77;97;94;4;89,3;High;5
female;group C;some high school;standard;completed;76;87;85;4;82,7;High;4
female;group D;some college;standard;none;74;89;84;9;82,3;High;4
female;group E;some college;standard;completed;66;74;73;4;71;Medium;3
female;group D;some high school;standard;completed;66;78;78;4;74;Medium;3
female;group B;high school;free/reduced;completed;67;78;79;4;74,7;Medium;3
male;group D;some college;standard;none;71;49;52;9;57,3;Low;1
female;group C;associate's degree;standard;none;91;86;84;9;87;High;4
male;group D;bachelor's degree;standard;none;69;58;57;5;61,3;Medium;3
male;group C;master's degree;free/reduced;none;54;59;50;5;54,3;Low;1
male;group C;high school;standard;completed;53;52;49;4;51,3;Low;1
male;group E;some college;standard;none;68;60;59;9;62,3;Medium;3
male;group C;some high school;free/reduced;completed;56;61;60;4;59;Low;1
female;group C;high school;free/reduced;none;36;53;43;9;44;Low;1
female;group D;bachelor's degree;free/reduced;none;29;41;47;5;39;Low;1
female;group C;associate's degree;standard;none;62;74;70;9;68,7;Medium;3
female;group C;associate's degree;standard;completed;68;67;73;4;69,3;Medium;3
female;group C;some high school;standard;none;47;54;53;9;51,3;Low;1
male;group E;associate's degree;standard;completed;62;61;58;4;60,3;Medium;3
female;group E;associate's degree;standard;completed;79;88;94;4;87;High;4
male;group B;high school;standard;completed;73;69;68;4;70;Medium;3
female;group C;bachelor's degree;free/reduced;completed;66;83;83;4;77,3;Medium;3
male;group C;associate's degree;standard;completed;51;60;58;4;56,3;Low;1
female;group D;high school;standard;none;51;66;62;9;59,7;Low;1
male;group E;bachelor's degree;standard;completed;85;66;71;4;74;Medium;3
male;group A;associate's degree;standard;completed;97;92;86;4;91,7;High;5
male;group C;high school;standard;completed;75;69;68;4;70,7;Medium;3
male;group D;associate's degree;free/reduced;completed;79;82;80;4;80,3;High;4
female;group C;associate's degree;standard;none;81;77;79;9;79;Medium;3
female;group D;associate's degree;standard;none;82;95;89;9;88,7;High;4
female;group D;master's degree;standard;none;64;63;66;5;64,3;Medium;3
male;group E;some high school;free/reduced;completed;78;83;80;4;80,3;High;4
female;group A;bachelor's degree;standard;completed;92;100;97;4;96,3;High;5
male;group C;high school;standard;completed;72;67;64;4;67,7;Medium;3
female;group C;high school;free/reduced;none;62;67;64;9;64,3;Medium;3
male;group C;master's degree;standard;none;79;72;69;5;73,3;Medium;3
male;group C;some high school;free/reduced;none;79;76;65;9;73,3;Medium;3
male;group B;bachelor's degree;free/reduced;completed;87;90;88;4;88,3;High;4
female;group B;associate's degree;standard;none;40;48;50;9;46;Low;1
male;group D;some college;free/reduced;none;77;62;64;9;67,7;Medium;3
male;group E;associate's degree;standard;none;53;45;40;9;46;Low;1
female;group C;some college;free/reduced;none;32;39;33;9;34,7;Low;1
female;group C;associate's degree;standard;completed;55;72;79;4;68,7;Medium;3
male;group C;master's degree;free/reduced;none;61;67;66;5;64,7;Medium;3
female;group B;associate's degree;free/reduced;none;53;70;70;9;64,3;Medium;3
male;group D;some high school;standard;none;73;66;62;9;67;Medium;3
female;group D;some college;standard;completed;74;75;79;4;76;Medium;3
female;group C;some college;standard;none;63;74;74;9;70,3;Medium;3
male;group C;bachelor's degree;standard;completed;96;90;92;4;92,7;High;5
female;group D;some college;free/reduced;completed;63;80;80;4;74,3;Medium;3
male;group B;bachelor's degree;free/reduced;none;48;51;46;5;48,3;Low;1
male;group B;associate's degree;standard;none;48;43;45;9;45,3;Low;1
female;group E;bachelor's degree;free/reduced;completed;92;100;100;4;97,3;High;5
female;group D;master's degree;free/reduced;completed;61;71;78;4;70;Medium;3
male;group B;high school;free/reduced;none;63;48;47;9;52,7;Low;1
male;group D;bachelor's degree;free/reduced;none;68;68;67;5;67,7;Medium;3
male;group B;some college;standard;completed;71;75;70;4;72;Medium;3
male;group A;bachelor's degree;standard;none;91;96;92;5;93;High;5
female;group C;some college;standard;none;53;62;56;9;57;Low;1
female;group C;high school;free/reduced;completed;50;66;64;4;60;Medium;3
female;group E;high school;standard;none;74;81;71;9;75,3;Medium;3
male;group A;associate's degree;free/reduced;completed;40;55;53;4;49,3;Low;1
male;group A;some college;standard;completed;61;51;52;4;54,7;Low;1
female;group B;high school;standard;none;81;91;89;9;87;High;4
female;group B;some college;free/reduced;completed;48;56;58;4;54;Low;1
female;group D;master's degree;standard;none;53;61;68;5;60,7;Medium;3
female;group D;some high school;standard;none;81;97;96;9;91,3;High;5
female;group E;some high school;standard;none;77;79;80;9;78,7;Medium;3
female;group D;bachelor's degree;free/reduced;none;63;73;78;5;71,3;Medium;3
female;group D;associate's degree;standard;completed;73;75;80;4;76;Medium;3
female;group D;some college;standard;none;69;77;77;9;74,3;Medium;3
female;group C;associate's degree;standard;none;65;76;76;9;72,3;Medium;3
female;group A;high school;standard;none;55;73;73;9;67;Medium;3
female;group C;bachelor's degree;free/reduced;none;44;63;62;5;56,3;Low;1
female;group C;some college;standard;none;54;64;65;9;61;Medium;3
female;group A;some high school;standard;none;48;66;65;9;59,7;Low;1
male;group C;some college;free/reduced;none;58;57;54;9;56,3;Low;1
male;group A;some high school;standard;none;71;62;50;9;61;Medium;3
male;group E;bachelor's degree;standard;none;68;68;64;5;66,7;Medium;3
female;group E;high school;standard;none;74;76;73;9;74,3;Medium;3
female;group C;bachelor's degree;standard;completed;92;100;99;4;97;High;5
female;group C;bachelor's degree;standard;completed;56;79;72;4;69;Medium;3
male;group B;high school;free/reduced;none;30;24;15;9;23;Low;1
male;group A;some high school;standard;none;53;54;48;9;51,7;Low;1
female;group D;high school;standard;none;69;77;73;9;73;Medium;3
female;group D;some high school;standard;none;65;82;81;9;76;Medium;3
female;group D;master's degree;standard;none;54;60;63;5;59;Low;1
female;group C;high school;standard;none;29;29;30;9;29,3;Low;1
female;group E;some college;standard;none;76;78;80;9;78;Medium;3
male;group D;high school;free/reduced;none;60;57;51;9;56;Low;1
male;group D;master's degree;free/reduced;completed;84;89;90;4;87,7;High;4
male;group C;some high school;standard;none;75;72;62;9;69,7;Medium;3
female;group C;associate's degree;standard;none;85;84;82;9;83,7;High;4
female;group C;master's degree;free/reduced;none;40;58;54;5;50,7;Low;1
female;group E;some college;standard;none;61;64;62;9;62,3;Medium;3
female;group B;associate's degree;standard;none;58;63;65;9;62;Medium;3
male;group D;some college;free/reduced;completed;69;60;63;4;64;Medium;3
female;group C;some college;standard;none;58;59;66;9;61;Medium;3
male;group C;bachelor's degree;standard;completed;94;90;91;4;91,7;High;5
female;group C;associate's degree;standard;none;65;77;74;9;72;Medium;3
female;group A;associate's degree;standard;none;82;93;93;9;89,3;High;5
female;group C;high school;standard;none;60;68;72;9;66,7;Medium;3
female;group E;bachelor's degree;standard;none;37;45;38;5;40;Low;1
male;group D;bachelor's degree;standard;none;88;78;83;5;83;High;4
male;group D;master's degree;standard;none;95;81;84;5;86,7;High;4
male;group C;associate's degree;free/reduced;completed;65;73;68;4;68,7;Medium;3
female;group C;high school;free/reduced;none;35;61;54;9;50;Low;1
male;group B;bachelor's degree;free/reduced;none;62;63;56;5;60,3;Medium;3
male;group C;high school;free/reduced;completed;58;51;52;4;53,7;Low;1
male;group A;bachelor's degree;standard;completed;100;96;86;4;94;High;5
female;group E;bachelor's degree;free/reduced;none;61;58;62;5;60,3;Medium;3
male;group D;bachelor's degree;standard;completed;100;97;99;4;98,7;High;5
male;group B;associate's degree;free/reduced;completed;69;70;63;4;67,3;Medium;3
male;group D;associate's degree;standard;none;61;48;46;9;51,7;Low;1
male;group D;some college;free/reduced;none;49;57;46;9;50,7;Low;1
female;group C;some high school;standard;completed;44;51;55;4;50;Low;1
male;group D;some college;standard;none;67;64;70;9;67;Medium;3
male;group B;high school;standard;none;79;60;65;9;68;Medium;3
female;group B;bachelor's degree;standard;completed;66;74;81;4;73,7;Medium;3
female;group C;high school;standard;none;75;88;85;9;82,7;High;4
male;group D;some high school;standard;none;84;84;80;9;82,7;High;4
male;group A;high school;standard;none;71;74;64;9;69,7;Medium;3
female;group B;high school;free/reduced;completed;67;80;81;4;76;Medium;3
female;group D;some high school;standard;completed;80;92;88;4;86,7;High;4
male;group E;bachelor's degree;standard;none;86;76;74;9;78,7;Medium;3
female;group D;associate's degree;standard;none;76;74;73;9;74,3;Medium;3
male;group D;high school;standard;none;41;52;51;9;48;Low;1
female;group D;associate's degree;free/reduced;completed;74;88;90;4;84;High;4
female;group B;some high school;free/reduced;none;72;81;79;9;77,3;Medium;3
female;group E;high school;standard;completed;74;79;80;4;77,7;Medium;3
male;group B;high school;standard;none;70;65;60;9;65;Medium;3
female;group B;bachelor's degree;standard;completed;65;81;81;4;75,7;Medium;3
female;group D;associate's degree;standard;none;59;70;65;9;64,7;Medium;3
female;group E;high school;free/reduced;none;64;62;68;9;64,7;Medium;3
female;group B;high school;standard;none;50;53;55;9;52,7;Low;1
female;group D;some college;standard;completed;69;79;81;4;76,3;Medium;3
male;group C;some high school;free/reduced;completed;51;56;53;4;53,3;Low;1
female;group A;high school;standard;completed;68;80;76;4;74,7;Medium;3
female;group D;bachelor's degree;standard;completed;85;86;98;4;89,7;High;5
female;group A;associate's degree;standard;completed;65;70;74;4;69,7;Medium;3
female;group B;some high school;standard;none;73;79;79;9;77;Medium;3
female;group B;some college;standard;none;62;67;67;9;65,3;Medium;3
male;group C;associate's degree;free/reduced;none;77;67;64;9;69,3;Medium;3
male;group D;some high school;standard;none;69;66;61;9;65,3;Medium;3
female;group D;associate's degree;free/reduced;none;43;60;58;9;53,7;Low;1
male;group D;associate's degree;standard;none;90;87;85;9;87,3;High;4
male;group C;some college;free/reduced;none;74;77;73;9;74,7;Medium;3
male;group C;some high school;standard;none;73;66;63;9;67,3;Medium;3
female;group D;some college;free/reduced;none;55;71;69;9;65;Medium;3
female;group C;high school;standard;none;65;69;67;9;67;Medium;3
male;group D;associate's degree;standard;none;80;63;63;9;68,7;Medium;3
female;group C;some high school;free/reduced;completed;50;60;60;4;56,7;Low;1
female;group C;some college;free/reduced;completed;63;73;71;4;69;Medium;3
female;group B;bachelor's degree;free/reduced;none;77;85;87;5;83;High;4
male;group C;some college;standard;none;73;74;61;9;69,3;Medium;3
male;group D;associate's degree;standard;completed;81;72;77;4;76,7;Medium;3
female;group C;high school;free/reduced;none;66;76;68;9;70;Medium;3
male;group D;associate's degree;free/reduced;none;52;57;50;9;53;Low;1
female;group C;some college;standard;none;69;78;76;9;74,3;Medium;3
female;group C;associate's degree;standard;completed;65;84;84;4;77,7;Medium;3
female;group D;high school;standard;completed;69;77;78;4;74,7;Medium;3
female;group B;some college;standard;completed;50;64;66;4;60;Medium;3
female;group E;some college;standard;completed;73;78;76;4;75,7;Medium;3
female;group C;some high school;standard;completed;70;82;76;4;76;Medium;3
male;group D;associate's degree;free/reduced;none;81;75;78;9;78;Medium;3
male;group D;some college;free/reduced;none;63;61;60;9;61,3;Medium;3
female;group D;high school;standard;none;67;72;74;9;71;Medium;3
male;group B;high school;standard;none;60;68;60;9;62,7;Medium;3
male;group B;high school;standard;none;62;55;54;9;57;Low;1
female;group C;some high school;free/reduced;completed;29;40;44;4;37,7;Low;1
male;group B;some college;standard;completed;62;66;68;4;65,3;Medium;3
female;group E;master's degree;standard;completed;94;99;100;4;97,7;High;5
male;group E;bachelor's degree;standard;completed;85;75;68;4;76;Medium;3
male;group D;associate's degree;free/reduced;none;77;78;73;9;76;Medium;3
male;group A;high school;free/reduced;none;53;58;44;9;51,7;Low;1
male;group E;bachelor's degree;free/reduced;none;93;90;83;9;88,7;High;4
female;group C;associate's degree;standard;none;49;53;53;9;51,7;Low;1
female;group E;associate's degree;free/reduced;none;73;76;78;9;75,7;Medium;3
female;group C;bachelor's degree;free/reduced;completed;66;74;81;4;73,7;Medium;3
female;group D;associate's degree;standard;none;77;77;73;9;75,7;Medium;3
female;group C;some high school;standard;none;49;63;56;9;56;Low;1
female;group D;some college;free/reduced;none;79;89;86;9;84,7;High;4
female;group C;associate's degree;standard;completed;75;82;90;4;82,3;High;4
female;group A;bachelor's degree;standard;none;59;72;70;5;67;Medium;3
female;group D;associate's degree;standard;completed;57;78;79;4;71,3;Medium;3
male;group C;high school;free/reduced;none;66;66;59;9;63,7;Medium;3
female;group E;bachelor's degree;standard;completed;79;81;82;4;80,7;High;4
female;group B;some high school;standard;none;57;67;72;9;65,3;Medium;3
male;group A;bachelor's degree;standard;completed;87;84;87;4;86;High;4
female;group D;some college;standard;none;63;64;67;9;64,7;Medium;3
female;group B;some high school;free/reduced;completed;59;63;64;4;62;Medium;3
male;group A;bachelor's degree;free/reduced;none;62;72;65;5;66,3;Medium;3
male;group D;high school;standard;none;46;34;36;9;38,7;Low;1
male;group C;some college;standard;none;66;59;52;9;59;Low;1
male;group D;bachelor's degree;standard;none;89;87;79;9;85;High;4
female;group D;associate's degree;free/reduced;completed;42;61;58;4;53,7;Low;1
male;group C;bachelor's degree;standard;completed;93;84;90;4;89;High;5
female;group E;some high school;standard;completed;80;85;85;4;83,3;High;4
female;group D;bachelor's degree;standard;completed;98;100;99;9;99;High;5
male;group D;master's degree;standard;none;81;81;84;5;82;High;4
female;group B;some high school;standard;completed;60;70;74;4;68;Medium;3
female;group B;associate's degree;free/reduced;completed;76;94;87;4;85,7;High;4
male;group C;associate's degree;standard;completed;73;78;72;4;74,3;Medium;3
female;group C;associate's degree;standard;completed;96;96;99;4;97;High;5
female;group C;high school;standard;none;76;76;74;9;75,3;Medium;3
male;group E;associate's degree;free/reduced;completed;91;73;80;4;81,3;High;4
female;group C;some college;free/reduced;none;62;72;70;9;68;Medium;3
male;group D;some high school;free/reduced;completed;55;59;59;4;57,7;Low;1
female;group B;some high school;free/reduced;completed;74;90;88;4;84;High;4
male;group C;high school;standard;none;50;48;42;9;46,7;Low;1
male;group B;some college;standard;none;47;43;41;9;43,7;Low;1
male;group E;some college;standard;completed;81;74;71;4;75,3;Medium;3
female;group E;associate's degree;standard;completed;65;75;77;4;72,3;Medium;3
male;group E;some high school;standard;completed;68;51;57;4;58,7;Low;1
female;group D;high school;free/reduced;none;73;92;84;9;83;High;4
male;group C;some college;standard;none;53;39;37;9;43;Low;1
female;group B;associate's degree;free/reduced;completed;68;77;80;4;75;Medium;3
male;group A;some high school;free/reduced;none;55;46;43;9;48;Low;1
female;group C;bachelor's degree;standard;completed;87;89;94;4;90;High;5
male;group D;some high school;standard;none;55;47;44;9;48,7;Low;1
female;group E;some college;free/reduced;none;53;58;57;9;56;Low;1
male;group C;master's degree;standard;none;67;57;59;5;61;Medium;3
male;group C;associate's degree;standard;none;92;79;84;9;85;High;4
female;group B;some college;free/reduced;completed;53;66;73;4;64;Medium;3
male;group D;associate's degree;standard;none;81;71;73;9;75;Medium;3
male;group C;high school;free/reduced;none;61;60;55;9;58,7;Low;1
male;group D;bachelor's degree;standard;none;80;73;72;5;75;Medium;3
female;group A;associate's degree;free/reduced;none;37;57;56;9;50;Low;1
female;group C;high school;standard;none;81;84;82;9;82,3;High;4
female;group C;associate's degree;standard;completed;59;73;72;4;68;Medium;3
male;group B;some college;free/reduced;none;55;55;47;9;52,3;Low;1
male;group D;associate's degree;standard;none;72;79;74;9;75;Medium;3
male;group D;high school;standard;none;69;75;71;9;71,7;Medium;3
male;group C;some college;standard;none;69;64;68;9;67;Medium;3
female;group C;bachelor's degree;free/reduced;none;50;60;59;5;56,3;Low;1
male;group B;bachelor's degree;standard;completed;87;84;86;4;85,7;High;4
male;group D;some high school;standard;completed;71;69;68;4;69,3;Medium;3
male;group E;some college;standard;none;68;72;65;9;68,3;Medium;3
male;group C;master's degree;free/reduced;completed;79;77;75;4;77;Medium;3
female;group C;some high school;standard;completed;77;90;85;4;84;High;4
male;group C;associate's degree;free/reduced;none;58;55;53;9;55,3;Low;1
female;group E;associate's degree;standard;none;84;95;92;9;90,3;High;5
male;group D;some college;standard;none;55;58;52;9;55;Low;1
male;group E;bachelor's degree;free/reduced;completed;70;68;72;4;70;Medium;3
female;group D;some college;free/reduced;completed;52;59;65;4;58,7;Low;1
male;group B;some college;standard;completed;69;77;77;4;74,3;Medium;3
female;group C;high school;free/reduced;none;53;72;64;9;63;Medium;3
female;group D;some high school;standard;none;48;58;54;9;53,3;Low;1
male;group D;some high school;standard;completed;78;81;86;4;81,7;High;4
female;group B;high school;standard;none;62;62;63;9;62,3;Medium;3
male;group D;some college;standard;none;60;63;59;9;60,7;Medium;3
female;group B;high school;standard;none;74;72;72;9;72,7;Medium;3
female;group C;high school;standard;completed;58;75;77;4;70;Medium;3
male;group B;high school;standard;completed;76;62;60;4;66;Medium;3
female;group D;some high school;standard;none;68;71;75;9;71,3;Medium;3
male;group A;some college;free/reduced;none;58;60;57;9;58,3;Low;1
male;group B;high school;standard;none;52;48;49;9;49,7;Low;1
male;group D;bachelor's degree;standard;none;75;73;74;5;74;Medium;3
female;group B;some high school;free/reduced;completed;52;67;72;4;63,7;Medium;3
female;group C;bachelor's degree;free/reduced;none;62;78;79;5;73;Medium;3
male;group B;some college;standard;none;66;65;60;9;63,7;Medium;3
female;group B;some high school;free/reduced;none;49;58;55;9;54;Low;1
female;group B;high school;standard;none;66;72;70;9;69,3;Medium;3
female;group C;some college;free/reduced;none;35;44;43;9;40,7;Low;1
female;group A;some college;standard;completed;72;79;82;4;77,7;Medium;3
male;group E;associate's degree;standard;completed;94;85;82;4;87;High;4
female;group D;associate's degree;free/reduced;none;46;56;57;9;53;Low;1
female;group B;master's degree;standard;none;77;90;84;5;83,7;High;4
female;group B;high school;free/reduced;completed;76;85;82;4;81;High;4
female;group C;associate's degree;standard;completed;52;59;62;4;57,7;Low;1
male;group C;bachelor's degree;standard;completed;91;81;79;4;83,7;High;4
female;group B;some high school;standard;completed;32;51;44;4;42,3;Low;1
female;group E;some high school;free/reduced;none;72;79;77;9;76;Medium;3
female;group B;some college;standard;none;19;38;32;9;29,7;Low;1
male;group C;associate's degree;free/reduced;none;68;65;61;9;64,7;Medium;3
female;group C;master's degree;free/reduced;none;52;65;61;5;59,3;Low;1
female;group B;high school;standard;none;48;62;60;9;56,7;Low;1
female;group D;some college;free/reduced;none;60;66;70;9;65,3;Medium;3
male;group D;high school;free/reduced;none;66;74;69;9;69,7;Medium;3
male;group E;bachelor's degree;standard;completed;89;84;77;4;83,3;High;4
female;group B;high school;standard;none;42;52;51;9;48,3;Low;1
female;group E;associate's degree;free/reduced;completed;57;68;73;4;66;Medium;3
male;group D;high school;standard;none;70;70;70;9;70;Medium;3
female;group E;associate's degree;free/reduced;none;70;84;81;9;78,3;Medium;3
male;group E;some college;standard;none;69;60;54;9;61;Medium;3
female;group C;associate's degree;standard;none;52;55;57;9;54,7;Low;1
male;group C;some high school;standard;completed;67;73;68;4;69,3;Medium;3
male;group C;some high school;standard;completed;76;80;73;4;76,3;Medium;3
female;group E;associate's degree;standard;none;87;94;95;9;92;High;5
female;group B;some college;standard;none;82;85;87;9;84,7;High;4
female;group C;some college;standard;none;73;76;78;9;75,7;Medium;3
male;group A;some college;free/reduced;none;75;81;74;9;76,7;Medium;3
female;group D;some college;free/reduced;none;64;74;75;9;71;Medium;3
female;group E;high school;free/reduced;none;41;45;40;9;42;Low;1
male;group C;bachelor's degree;standard;none;90;75;69;9;78;Medium;3
male;group B;bachelor's degree;standard;none;59;54;51;5;54,7;Low;1
male;group A;some high school;standard;none;51;31;36;9;39,3;Low;1
male;group A;high school;free/reduced;none;45;47;49;9;47;Low;1
female;group C;master's degree;standard;completed;54;64;67;4;61,7;Medium;3
male;group E;bachelor's degree;standard;completed;87;84;76;4;82,3;High;4
female;group C;high school;standard;none;72;80;83;9;78,3;Medium;3
male;group B;bachelor's degree;standard;completed;94;86;87;4;89;High;5
female;group A;bachelor's degree;standard;none;45;59;64;5;56;Low;1
male;group D;bachelor's degree;free/reduced;completed;61;70;76;4;69;Medium;3
female;group B;high school;free/reduced;none;60;72;68;9;66,7;Medium;3
female;group C;some high school;standard;none;77;91;88;9;85,3;High;4
female;group A;bachelor's degree;standard;completed;85;90;92;4;89;High;5
female;group D;bachelor's degree;free/reduced;none;78;90;93;5;87;High;4
male;group E;some college;free/reduced;completed;49;52;51;4;50,7;Low;1
female;group B;high school;free/reduced;none;71;87;82;9;80;High;4
female;group C;some high school;free/reduced;none;48;58;52;9;52,7;Low;1
male;group C;high school;standard;none;62;67;58;9;62,3;Medium;3
female;group C;associate's degree;free/reduced;completed;56;68;70;4;64,7;Medium;3
female;group C;some high school;standard;none;65;69;76;15;70;Medium;3
female;group D;some high school;free/reduced;completed;69;86;81;4;78,7;Medium;3
male;group B;some high school;standard;none;68;54;53;15;58,3;Low;1
female;group A;some college;free/reduced;none;61;60;57;15;59,3;Low;1
female;group C;bachelor's degree;free/reduced;completed;74;86;89;4;83;High;4
male;group A;bachelor's degree;standard;none;64;60;58;5;60,7;Medium;3
female;group B;high school;standard;completed;77;82;89;4;82,7;High;4
male;group B;some college;standard;none;58;50;45;8;51;Low;1
female;group C;high school;standard;completed;60;64;74;4;66;Medium;3
male;group E;high school;standard;none;73;64;57;15;64,7;Medium;3
female;group A;high school;standard;completed;75;82;79;4;78,7;Medium;3
male;group B;associate's degree;free/reduced;completed;58;57;53;4;56;Low;1
female;group C;associate's degree;standard;none;66;77;73;8;72;Medium;3
female;group D;high school;free/reduced;none;39;52;46;15;45,7;Low;1
male;group C;some high school;standard;none;64;58;51;15;57,7;Low;1
female;group B;high school;free/reduced;completed;23;44;36;4;34,3;Low;1
male;group B;some college;free/reduced;completed;74;77;76;4;75,7;Medium;3
female;group D;some high school;free/reduced;completed;40;65;64;4;56,3;Low;1
male;group E;master's degree;standard;none;90;85;84;5;86,3;High;4
male;group C;master's degree;standard;completed;91;85;85;4;87;High;4
male;group D;high school;standard;none;64;54;50;15;56;Low;1
female;group C;high school;standard;none;59;72;68;15;66,3;Medium;3
male;group D;associate's degree;standard;none;80;75;69;8;74,7;Medium;3
male;group C;master's degree;standard;none;71;67;67;5;68,3;Medium;3
female;group A;high school;standard;none;61;68;63;15;64;Medium;3
female;group E;bachelor's degree;standard;none;87;85;93;8;88,3;High;4
male;group E;some high school;standard;none;82;67;61;15;70;Medium;3
male;group C;some high school;standard;none;62;64;55;15;60,3;Medium;3
female;group B;bachelor's degree;standard;none;97;97;96;5;96,7;High;5
male;group B;some college;free/reduced;none;75;68;65;8;69,3;Medium;3
female;group C;bachelor's degree;standard;none;65;79;81;5;75;Medium;3
male;group B;high school;standard;completed;52;49;46;4;49;Low;1
male;group C;associate's degree;free/reduced;none;87;73;72;8;77,3;Medium;3
female;group C;associate's degree;standard;none;53;62;53;8;56;Low;1
female;group E;master's degree;free/reduced;none;81;86;87;5;84,7;High;4
male;group D;bachelor's degree;free/reduced;completed;39;42;38;4;39,7;Low;1
female;group C;some college;standard;completed;71;71;80;4;74;Medium;3
male;group C;associate's degree;standard;none;97;93;91;8;93,7;High;5
male;group D;some college;standard;completed;82;82;88;4;84;High;4
male;group C;high school;free/reduced;none;59;53;52;15;54,7;Low;1
male;group B;associate's degree;standard;none;61;42;41;8;48;Low;1
male;group E;associate's degree;free/reduced;completed;78;74;72;4;74,7;Medium;3
male;group C;associate's degree;free/reduced;none;49;51;51;8;50,3;Low;1
male;group B;high school;standard;none;59;58;47;15;54,7;Low;1
female;group C;some college;standard;completed;70;72;76;4;72,7;Medium;3
male;group B;associate's degree;standard;completed;82;84;78;4;81,3;High;4
male;group E;associate's degree;free/reduced;none;90;90;82;8;87,3;High;4
female;group C;bachelor's degree;free/reduced;none;43;62;61;5;55,3;Low;1
male;group C;some college;free/reduced;none;80;64;66;8;70;Medium;3
male;group D;some college;standard;none;81;82;84;8;82,3;High;4
male;group C;some high school;standard;none;57;61;54;15;57,3;Low;1
female;group D;some high school;standard;none;59;72;80;15;70,3;Medium;3
female;group D;associate's degree;standard;none;64;76;74;8;71,3;Medium;3
male;group C;bachelor's degree;standard;completed;63;64;66;4;64,3;Medium;3
female;group E;bachelor's degree;standard;completed;71;70;70;4;70,3;Medium;3
female;group B;high school;free/reduced;none;64;73;71;15;69,3;Medium;3
male;group D;bachelor's degree;free/reduced;none;55;46;44;5;48,3;Low;1
female;group E;associate's degree;standard;none;51;51;54;8;52;Low;1
female;group C;associate's degree;standard;completed;62;76;80;4;72,7;Medium;3
female;group E;associate's degree;standard;completed;93;100;95;4;96;High;5
male;group C;high school;free/reduced;none;54;72;59;15;61,7;Medium;3
female;group D;some college;free/reduced;none;69;65;74;8;69,3;Medium;3
male;group D;high school;free/reduced;none;44;51;48;15;47,7;Low;1
female;group E;bachelor's degree;standard;completed;86;85;91;4;87,3;High;4
female;group E;associate's degree;standard;none;85;92;85;8;87,3;High;4
female;group A;master's degree;free/reduced;none;50;67;73;5;63,3;Medium;3
male;group D;bachelor's degree;standard;completed;88;74;75;4;79;Medium;3
female;group E;associate's degree;standard;none;59;62;69;8;63,3;Medium;3
female;group E;some high school;free/reduced;none;32;34;38;15;34,7;Low;2
male;group B;high school;free/reduced;none;36;29;27;15;30,7;Low;2
female;group B;some high school;free/reduced;completed;63;78;79;4;73,3;Medium;3
male;group D;associate's degree;standard;completed;67;54;63;4;61,3;Medium;3
female;group D;some high school;standard;completed;65;78;82;4;75;Medium;3
male;group D;master's degree;standard;none;85;84;89;5;86;High;4
female;group C;master's degree;standard;none;73;78;74;5;75;Medium;3
female;group A;high school;free/reduced;completed;34;48;41;4;41;Low;2
female;group D;bachelor's degree;free/reduced;completed;93;100;100;4;97,7;High;5
female;group D;some high school;free/reduced;none;67;84;84;15;78,3;Medium;3
male;group D;bachelor's degree;standard;none;88;77;77;8;80,7;High;4
male;group B;high school;standard;none;57;48;51;15;52;Low;2
female;group D;some college;standard;completed;79;84;91;4;84,7;High;4
female;group C;bachelor's degree;free/reduced;none;67;75;72;5;71,3;Medium;3
male;group E;bachelor's degree;standard;completed;70;64;70;4;68;Medium;3
male;group D;bachelor's degree;free/reduced;none;50;42;48;5;46,7;Low;2
female;group A;some college;standard;none;69;84;82;8;78,3;Medium;3
female;group C;bachelor's degree;standard;completed;52;61;66;4;59,7;Low;2
female;group C;bachelor's degree;free/reduced;completed;47;62;66;4;58,3;Low;2
female;group B;associate's degree;free/reduced;none;46;61;55;8;54;Low;2
female;group E;some college;standard;none;68;70;66;8;68;Medium;3
male;group E;bachelor's degree;standard;completed;100;100;100;4;100;High;4
female;group C;high school;standard;none;44;61;52;15;52,3;Low;2
female;group C;associate's degree;standard;completed;57;77;80;4;71,3;Medium;3
male;group B;bachelor's degree;standard;completed;91;96;91;4;92,7;High;5
male;group D;high school;free/reduced;none;69;70;67;15;68,7;Medium;3
female;group C;high school;free/reduced;none;35;53;46;15;44,7;Low;2
male;group D;high school;standard;none;72;66;66;15;68;Medium;3
female;group B;associate's degree;free/reduced;none;54;65;65;8;61,3;Medium;3
male;group D;high school;free/reduced;none;74;70;69;15;71;Medium;3
male;group E;some high school;standard;completed;74;64;60;4;66;Medium;3
male;group E;associate's degree;free/reduced;none;64;56;52;8;57,3;Low;2
female;group D;high school;free/reduced;completed;65;61;71;4;65,7;Medium;3
male;group E;associate's degree;free/reduced;completed;46;43;44;4;44,3;Low;2
female;group C;some high school;free/reduced;none;48;56;51;15;51,7;Low;2
male;group C;some college;free/reduced;completed;67;74;70;4;70,3;Medium;3
male;group D;some college;free/reduced;none;62;57;62;8;60,3;Medium;2
male;group D;associate's degree;free/reduced;completed;61;71;73;4;68,3;Medium;2
male;group C;bachelor's degree;free/reduced;completed;70;75;74;4;73;Medium;2
male;group C;associate's degree;standard;completed;98;87;90;4;91,7;High;5
male;group D;some college;free/reduced;none;70;63;58;8;63,7;Medium;2
male;group A;associate's degree;standard;none;67;57;53;8;59;Low;2
female;group E;high school;free/reduced;none;57;58;57;15;57,3;Low;2
male;group D;bachelor's degree;standard;completed;85;81;85;4;83,7;High;4
male;group D;some high school;standard;completed;77;68;69;4;71,3;Medium;2
male;group C;master's degree;free/reduced;completed;72;66;72;4;70;Medium;2
female;group D;master's degree;standard;none;78;91;96;5;88,3;High;4
male;group C;high school;standard;none;81;66;64;15;70,3;Medium;2
male;group A;some high school;free/reduced;completed;61;62;61;4;61,3;Medium;2
female;group B;high school;standard;none;58;68;61;15;62,3;Medium;2
female;group C;associate's degree;standard;none;54;61;58;8;57,7;Low;2
male;group B;high school;standard;none;82;82;80;15;81,3;High;4
female;group D;some college;free/reduced;none;49;58;60;8;55,7;Low;2
male;group B;some high school;free/reduced;completed;49;50;52;4;50,3;Low;2
female;group E;high school;free/reduced;completed;57;75;73;4;68,3;Medium;2
male;group E;high school;standard;none;94;73;71;15;79,3;Medium;2
female;group D;some college;standard;completed;75;77;83;4;78,3;Medium;2
female;group E;some high school;free/reduced;none;74;74;72;15;73,3;Medium;2
male;group C;high school;standard;completed;58;52;54;4;54,7;Low;2
female;group C;some college;standard;none;62;69;69;8;66,7;Medium;2
male;group E;associate's degree;standard;none;72;57;62;8;63,7;Medium;2
male;group C;some college;standard;none;84;87;81;8;84;High;4
female;group D;master's degree;standard;none;92;100;100;5;97,3;High;5
female;group D;high school;standard;none;45;63;59;15;55,7;Low;2
male;group C;high school;standard;none;75;81;71;15;75,7;Medium;2
female;group A;some college;standard;none;56;58;64;8;59,3;Low;2
female;group D;some high school;free/reduced;none;48;54;53;15;51,7;Low;2
female;group E;associate's degree;standard;none;100;100;100;8;100;High;4
female;group C;some high school;free/reduced;completed;65;76;75;4;72;Medium;2
male;group D;some college;standard;none;72;57;58;8;62,3;Medium;2
female;group D;some college;standard;none;62;70;72;8;68;Medium;2
male;group A;some high school;standard;completed;66;68;64;4;66;Medium;2
male;group C;some college;standard;none;63;63;60;8;62;Medium;2
female;group E;associate's degree;standard;none;68;76;67;8;70,3;Medium;2
female;group B;bachelor's degree;standard;none;75;84;80;5;79,7;Medium;2
female;group D;bachelor's degree;standard;none;89;100;100;5;96,3;High;5
male;group C;some high school;standard;completed;78;72;69;4;73;Medium;2
female;group A;high school;free/reduced;completed;53;50;60;4;54,3;Low;2
female;group D;some college;free/reduced;none;49;65;61;8;58,3;Low;2
female;group A;some college;standard;none;54;63;67;8;61,3;Medium;2
female;group C;some college;standard;completed;64;82;77;4;74,3;Medium;2
male;group B;some college;free/reduced;completed;60;62;60;4;60,7;Medium;2
male;group C;associate's degree;standard;none;62;65;58;8;61,7;Medium;2
male;group D;high school;standard;completed;55;41;48;4;48;Low;2
female;group C;associate's degree;standard;none;91;95;94;8;93,3;High;5
female;group B;high school;free/reduced;none;8;24;23;15;18,3;Low;2
male;group D;some high school;standard;none;81;78;78;15;79;Medium;2
male;group B;some high school;standard;completed;79;85;86;4;83,3;High;4
female;group A;some college;standard;completed;78;87;91;4;85,3;High;4
female;group C;some high school;standard;none;74;75;82;15;77;Medium;2
male;group A;high school;standard;none;57;51;54;15;54;Low;2
female;group C;associate's degree;standard;none;40;59;51;8;50;Low;2
male;group E;some high school;standard;completed;81;75;76;4;77,3;Medium;2
female;group A;some high school;free/reduced;none;44;45;45;15;44,7;Low;2
female;group D;some college;free/reduced;completed;67;86;83;4;78,7;Medium;2
male;group E;high school;free/reduced;completed;86;81;75;4;80,7;High;4
female;group B;some high school;standard;completed;65;82;78;4;75;Medium;2
female;group D;associate's degree;free/reduced;none;55;76;76;8;69;Medium;2
female;group D;bachelor's degree;free/reduced;none;62;72;74;5;69,3;Medium;2
male;group A;high school;standard;none;63;63;62;15;62,7;Medium;2
female;group E;master's degree;standard;completed;88;99;95;4;94;High;5
male;group C;high school;free/reduced;none;62;55;55;15;57,3;Low;2
female;group C;high school;free/reduced;completed;59;71;65;4;65;Medium;2
female;group D;some college;standard;completed;68;78;77;4;74,3;Medium;2
female;group D;some college;free/reduced;none;77;86;86;8;83;High;4
